metric,value
MAE,2.2025270462036133
MSE,7.608942031860352
RMSE,2.7584311962127686
95th_Percentile,5.23275089263916
99th_Percentile,7.5085344314575195
Convergence_Rate,-3.931656624259355e-06
