metric,value
MAE,2.3978347778320312
MSE,8.94048023223877
RMSE,2.9900636672973633
95th_Percentile,5.796851634979248
99th_Percentile,7.3624114990234375
Convergence_Rate,-7.054058444218672e-05
