metric,value
MAE,2.3652424812316895
MSE,8.711971282958984
RMSE,2.9516048431396484
95th_Percentile,5.675677299499512
99th_Percentile,8.176084518432617
Convergence_Rate,2.9312443117246265e-05
