metric,value
MAE,2.1241304874420166
MSE,7.234796524047852
RMSE,2.689757823944092
95th_Percentile,5.255458354949951
99th_Percentile,6.926158428192139
Convergence_Rate,-8.864480460703451e-05
