MAE,MSE,RMSE,95th_Percentile,99th_Percentile,Convergence_Rate,param
1.9676032066345213,6.0103302001953125,2.4515974521636963,4.773709297180176,6.0393147468566895,4.652272144188335e-05,50
2.156413316726685,7.432917594909668,2.7263376712799072,5.274476051330566,7.3362250328063965,-5.0308203199358246e-05,100
2.175586462020874,7.593814373016357,2.755687713623047,5.295247077941895,7.278770923614502,4.965286946432553e-05,200
1.9965949058532717,6.29143762588501,2.508273839950561,4.848282814025879,6.274291515350342,2.1287726327907525e-05,400
