MAE,MSE,RMSE,95th_Percentile,99th_Percentile,Convergence_Rate,param
2.156413316726685,7.432917594909668,2.7263376712799072,5.274476051330566,7.3362250328063965,-5.0308203199358246e-05,100
