metric,value
MAE,1.7663142681121826
MSE,4.938087463378906
RMSE,2.2221808433532715
95th_Percentile,4.355358123779297
99th_Percentile,5.628147602081299
Convergence_Rate,8.835576040899097e-05
