metric,value
MAE,2.607403039932251
MSE,11.416485786437988
RMSE,3.378829002380371
95th_Percentile,6.755062103271484
99th_Percentile,9.36147689819336
Convergence_Rate,0.00050615943104574
