metric,value
MAE,1.964518427848816
MSE,6.184813022613525
RMSE,2.4869284629821777
95th_Percentile,4.963866233825684
99th_Percentile,6.264184951782227
Convergence_Rate,-1.704686969926842e-05
