metric,value
MAE,1.9841628074645996
MSE,6.112062931060791
RMSE,2.4722585678100586
95th_Percentile,4.808225631713867
99th_Percentile,6.400200366973877
Convergence_Rate,-7.230839978272574e-05
