metric,value
MAE,1.9022328853607178
MSE,5.621351718902588
RMSE,2.370939016342163
95th_Percentile,4.714511394500732
99th_Percentile,5.9981184005737305
Convergence_Rate,9.727024308380933e-05
