metric,value
MAE,1.9526439905166626
MSE,5.80851936340332
RMSE,2.4100871086120605
95th_Percentile,4.567619800567627
99th_Percentile,5.954938888549805
Convergence_Rate,9.69615748524598e-06
