metric,value
MAE,1.7397449016571045
MSE,4.779199600219727
RMSE,2.186138153076172
95th_Percentile,4.20397424697876
99th_Percentile,5.667364597320557
Convergence_Rate,1.912687013014491e-05
