metric,value
MAE,2.154578447341919
MSE,7.526689529418945
RMSE,2.743481397628784
95th_Percentile,5.492378234863281
99th_Percentile,7.176714897155762
Convergence_Rate,4.513080768829341e-05
