metric,value
MAE,2.1790406703948975
MSE,7.351254940032959
RMSE,2.7113196849823
95th_Percentile,5.224682807922363
99th_Percentile,7.029685020446777
Convergence_Rate,3.890118582212379e-05
