metric,value
MAE,2.175586462020874
MSE,7.593814373016357
RMSE,2.755687713623047
95th_Percentile,5.2952470779418945
99th_Percentile,7.278770923614502
Convergence_Rate,4.965286946432553e-05
