metric,value
MAE,1.9965949058532715
MSE,6.29143762588501
RMSE,2.5082738399505615
95th_Percentile,4.848282814025879
99th_Percentile,6.274291515350342
Convergence_Rate,2.1287726327907525e-05
