metric,value
MAE,2.0500500202178955
MSE,6.479073524475098
RMSE,2.5454025268554688
95th_Percentile,4.927415370941162
99th_Percentile,6.278096675872803
Convergence_Rate,-9.42602316766229e-05
