metric,value
MAE,2.026362657546997
MSE,6.597569942474365
RMSE,2.568573474884033
95th_Percentile,5.072936534881592
99th_Percentile,6.549283027648926
Convergence_Rate,-3.185399966447976e-05
