metric,value
MAE,2.290362596511841
MSE,8.223671913146973
RMSE,2.867694616317749
95th_Percentile,5.614115238189697
99th_Percentile,7.223400592803955
Convergence_Rate,-3.858634519338376e-05
