metric,value
MAE,2.4242124557495117
MSE,9.130928993225098
RMSE,3.021742820739746
95th_Percentile,5.908181190490723
99th_Percentile,7.496885299682617
Convergence_Rate,-1.4997238054138685e-05
