metric,value
MAE,2.1564133167266846
MSE,7.432917594909668
RMSE,2.7263376712799072
95th_Percentile,5.274476051330566
99th_Percentile,7.3362250328063965
Convergence_Rate,-5.0308203199358246e-05
