metric,value
MAE,1.833112359046936
MSE,5.1639933586120605
RMSE,2.272442102432251
95th_Percentile,4.443163871765137
99th_Percentile,5.668766498565674
Convergence_Rate,5.760230877959186e-05
