metric,value
MAE,2.435706377029419
MSE,8.914013862609863
RMSE,2.9856345653533936
95th_Percentile,5.811285495758057
99th_Percentile,7.27150821685791
Convergence_Rate,5.672434919983941e-05
