metric,value
MAE,3.0323493480682373
MSE,14.084541320800781
RMSE,3.7529377937316895
95th_Percentile,7.234466552734375
99th_Percentile,9.112542152404785
Convergence_Rate,0.00018486988325758707
