metric,value
MAE,2.359941005706787
MSE,8.915078163146973
RMSE,2.9858129024505615
95th_Percentile,5.940073490142822
99th_Percentile,7.578454494476318
Convergence_Rate,8.608245448203177e-05
