metric,value
MAE,2.0153398513793945
MSE,6.489980697631836
RMSE,2.547544002532959
95th_Percentile,5.1034321784973145
99th_Percentile,6.41701602935791
Convergence_Rate,-9.043431241585948e-05
