Parameter,Best Value,MAE
algorithm,PPO,1.7663142681121826
batch_size,64,1.910470962524414
chunk_size,50,1.9676032066345213
entropy_coefficient,0.1,2.0153398513793945
gamma,0.9,1.7397449016571045
learning_rate,1e-05,1.9526439905166624
network_architecture,small,1.9022328853607176
reward_function,squared,1.9841628074646
