metric,value
MAE,1.9676032066345215
MSE,6.0103302001953125
RMSE,2.4515974521636963
95th_Percentile,4.773709297180176
99th_Percentile,6.0393147468566895
Convergence_Rate,4.6522721441883345e-05
