metric,value
MAE,2.077739953994751
MSE,6.650245189666748
RMSE,2.5788068771362305
95th_Percentile,4.931482791900635
99th_Percentile,6.569349765777588
Convergence_Rate,3.713966236994321e-05
