metric,value
MAE,2.3090155124664307
MSE,8.261161804199219
RMSE,2.8742237091064453
95th_Percentile,5.5590081214904785
99th_Percentile,7.335809707641602
Convergence_Rate,-6.79351478839406e-05
