metric,value
MAE,2.130924940109253
MSE,7.09390115737915
RMSE,2.663437843322754
95th_Percentile,5.214900016784668
99th_Percentile,6.755614757537842
Convergence_Rate,3.816242083068837e-05
