metric,value
MAE,1.9916934967041016
MSE,6.217755317687988
RMSE,2.4935426712036133
95th_Percentile,4.909208297729492
99th_Percentile,6.111826419830322
Convergence_Rate,-5.080776867336675e-05
