metric,value
MAE,1.910470962524414
MSE,5.961275100708008
RMSE,2.4415721893310547
95th_Percentile,4.8243279457092285
99th_Percentile,6.760072708129883
Convergence_Rate,6.703749374379725e-05
