metric,value
MAE,2.7083611488342285
MSE,11.404191970825195
RMSE,3.377009391784668
95th_Percentile,6.485235214233398
99th_Percentile,8.310243606567383
Convergence_Rate,4.8171911594842896e-05
